Borough,Site Location,Latitude,Longitude,Location Point,DSNY District,DSNY Zone,BinType
Brooklyn,"6753 4th Avenue, Brooklyn, NY 11220",40.635514,-74.022767,POINT (-74.022767 40.635514),BKS10,BKS,FoodScrap
Manhattan,E 47th St & 2nd Ave,40.752606,-73.969036,POINT (-73.969036 40.752606),MN06,MN,FoodScrap
Manhattan,Pier 84 at W. 44th St. near dog park,40.76346,-74.00025,POINT (-74.00025 40.76346),MN04,MN,FoodScrap
Manhattan,127 East 58th Street,40.76198,-73.9693,POINT (-73.9693 40.76198),MN05,MN,FoodScrap
Manhattan,Greenwich St. & Duane St,40.717424,-74.010793,POINT (-74.010793 40.717424),MN01,MN,FoodScrap
Staten Island,St. Marks Pl and Hyatt St,40.641967,-74.077928,POINT (-74.077928 40.641967),SI01,SI,FoodScrap
Manhattan,"521 W 126th St, New York, NY 10027",40.8149687,-73.9560903,POINT (-73.9560903 40.8149687),MN09,MN,FoodScrap
Brooklyn,"1107 Bergen Street, Brooklyn, NY 11216",40.67629,-73.94925,POINT (-73.94925 40.67629),BKN08,BKN,FoodScrap
Brooklyn,"Prospect Park, West of the entrance on Parkside Av (& Ocean Av)",40.654917,-73.962083,POINT (-73.962083 40.654917),,BKS,FoodScrap
Brooklyn,"1309 Dekalb Ave, Brooklyn, NY 11221 (Know Waste Lands Community Garden)",40.697694,-73.925806,POINT (-73.925806 40.697694),BKN04,BKN,FoodScrap
Brooklyn,Washington Park and Myrtle Ave,40.69288,-73.97391,POINT (-73.97391 40.69288),BKN02,BKN,FoodScrap
Manhattan,,40.85571567,-73.92743781,POINT (-73.92743781 40.85571567),MN12,MN,FoodScrap
Bronx,,40.81994461,-73.92850801,POINT (-73.92850801 40.81994461),BX04,BX,FoodScrap
Bronx,,40.87534011,-73.87542714,POINT (-73.87542714 40.87534011),BX07,BX,FoodScrap
Brooklyn,,40.69656438,-73.91427923,POINT (-73.91427923 40.69656438),BKN04,BKN,FoodScrap
Manhattan,,40.71878668,-74.01055042,POINT (-74.01055042 40.71878668),MN01,MN,FoodScrap
Manhattan,,40.7248741,-74.00472,POINT (-74.00472 40.7248741),MN02,MN,FoodScrap
Manhattan,,40.76044172,-73.99506115,POINT (-73.99506115 40.76044172),MN04,MN,FoodScrap
Brooklyn,,40.68065837,-73.93454969,POINT (-73.93454969 40.68065837),BKN03,BKN,FoodScrap
Brooklyn,,40.6870313,-73.91374111,POINT (-73.91374111 40.6870313),BKN04,BKN,FoodScrap
Manhattan,,40.74272368,-73.99655276,POINT (-73.99655276 40.74272368),MN04,MN,FoodScrap
Staten Island,460w Brielle Avenue,40.592723,-74.135113,POINT (-74.135113 40.592723),SI02,SI,FoodScrap
Queens,,40.75290526,-73.94352235,POINT (-73.94352235 40.75290526),QW01,QW,FoodScrap
Brooklyn,"514 Rockaway Avenue, Brooklyn, NY 11212",40.6674207,-73.9102833,POINT (-73.9102833 40.6674207),BKN16,BKN,FoodScrap
Brooklyn,,40.69608852,-73.92145414,POINT (-73.92145414 40.69608852),BKN04,BKN,FoodScrap
Manhattan,,40.70507539,-74.01322458,POINT (-74.01322458 40.70507539),MN01,MN,FoodScrap
Brooklyn,,40.67613038,-73.93318009,POINT (-73.93318009 40.67613038),BKN08,BKN,FoodScrap
Manhattan,,40.78331643,-73.98062197,POINT (-73.98062197 40.78331643),MN07,MN,FoodScrap
Brooklyn,,40.69236338,-73.93096961,POINT (-73.93096961 40.69236338),BKN03,BKN,FoodScrap
Queens,,40.76149921,-73.91796863,POINT (-73.91796863 40.76149921),QW01,QW,FoodScrap
Bronx,,40.85323679,-73.89310654,POINT (-73.89310654 40.85323679),BX06,BX,FoodScrap
Manhattan,,40.74913401,-73.97793704,POINT (-73.97793704 40.74913401),MN06,MN,FoodScrap
Manhattan,,40.78160945,-73.94892746,POINT (-73.94892746 40.78160945),MN08,MN,FoodScrap
Manhattan,674 East 9th Street,40.72534977,-73.97862785,POINT (-73.97862785 40.72534977),MN03,MN,FoodScrap
Queens,"150-04 115 Dr, Jamaica, NY, 11434",40.683367,-73.7922279,POINT (-73.7922279 40.683367),QE12,QE,FoodScrap
Brooklyn,,40.70496647,-73.91751361,POINT (-73.91751361 40.70496647),BKN04,BKN,FoodScrap
Bronx,,40.8591294,-73.90127487,POINT (-73.90127487 40.8591294),BX05,BX,FoodScrap
Manhattan,,40.77023256,-73.99164147,POINT (-73.99164147 40.77023256),MN04,MN,FoodScrap
Staten Island,,40.63714951,-74.11651209,POINT (-74.11651209 40.63714951),SI01,SI,FoodScrap
Brooklyn,,40.68381262,-73.92018981,POINT (-73.92018981 40.68381262),BKN03,BKN,FoodScrap
Manhattan,,40.76405417,-73.96450973,POINT (-73.96450973 40.76405417),MN08,MN,FoodScrap
Manhattan,,40.80317005,-73.94863548,POINT (-73.94863548 40.80317005),MN10,MN,FoodScrap
Queens,246-02 Northern Blvd; Enter the path to the right of the school yard to the student garden,40.7657836,-73.7408196,POINT (-73.7408196 40.7657836),QE11,QE,FoodScrap
Staten Island,,40.6413779,-74.08640362,POINT (-74.08640362 40.6413779),SI01,SI,FoodScrap
Brooklyn,"Fulton St, between Logan and Richmond Sts",40.68218,-73.87687,POINT (-73.87687 40.68218),BKN05,BKN,FoodScrap
Bronx,,40.84505235,-73.82693077,POINT (-73.82693077 40.84505235),BX10,BX,FoodScrap
Manhattan,,40.76909824,-73.94326508,POINT (-73.94326508 40.76909824),MN08,MN,FoodScrap
Manhattan,,40.80229054,-73.93677324,POINT (-73.93677324 40.80229054),MN11,MN,FoodScrap
Brooklyn,,40.68219458,-73.95365641,POINT (-73.95365641 40.68219458),BKN03,BKN,FoodScrap
Brooklyn,,40.68161005,-73.9039715,POINT (-73.9039715 40.68161005),BKN04,BKN,FoodScrap
Queens,46th Avenue and 5th Street,40.74777,-73.95486,POINT (-73.95486 40.74777),QW02,QW,FoodScrap
Manhattan,,40.71904232,-74.00695324,POINT (-74.00695324 40.71904232),MN01,MN,FoodScrap
Bronx,1490 Sheridan Blvd,40.83285272,-73.88308033,POINT (-73.88308033 40.83285272),BX03,BX,FoodScrap
Manhattan,,40.79160725,-73.9388486,POINT (-73.9388486 40.79160725),MN11,MN,FoodScrap
Manhattan,,40.78193046,-73.97196532,POINT (-73.97196532 40.78193046),MN07,MN,FoodScrap
Brooklyn,,40.66977726,-73.93377151,POINT (-73.93377151 40.66977726),BKN08,BKN,FoodScrap
Manhattan,66th St and Columbus Ave.,40.773404,-73.981848,POINT (-73.981848 40.773404),MN07,MN,FoodScrap
Brooklyn,"Russell Street &, Nassau Ave, Brooklyn, NY 11222",40.724493,-73.94375,POINT (-73.94375 40.724493),BKN01,BKN,FoodScrap
Brooklyn,,40.67568845,-73.93871281,POINT (-73.93871281 40.67568845),BKN08,BKN,FoodScrap
Brooklyn,McDonald Ave & Albemarle Rd,40.64496,-73.98016,POINT (-73.98016 40.64496),BKS12,BKS,FoodScrap
Manhattan,,40.71327374,-73.99222919,POINT (-73.99222919 40.71327374),MN03,MN,FoodScrap
Manhattan,,40.72193086,-73.97755169,POINT (-73.97755169 40.72193086),MN03,MN,FoodScrap
Manhattan,,40.72948122,-74.00212242,POINT (-74.00212242 40.72948122),MN02,MN,FoodScrap
Queens,,40.76737357,-73.92958358,POINT (-73.92958358 40.76737357),QW01,QW,FoodScrap
Brooklyn,,40.67310418,-73.96755293,POINT (-73.96755293 40.67310418),BKN08,BKN,FoodScrap
Queens,"25-16 McIntosh St, East Elmhurst, NY, 11369",40.7640828,-73.8695398,POINT (-73.8695398 40.7640828),QW03,QW,FoodScrap
Manhattan,"506 West 143rd Street, New York, NY 10031",40.824235,-73.94983,POINT (-73.94983 40.824235),MN09,MN,FoodScrap
Brooklyn,"351 Barbey St, Brooklyn, NY 11207",40.6742335,-73.8878004,POINT (-73.8878004 40.6742335),BKN05,BKN,FoodScrap
Brooklyn,Newkirk Ave & Nostrand Ave,40.6400446,-73.9482956,POINT (-73.9482956 40.6400446),BKN17,BKN,FoodScrap
Queens,,40.76808088,-73.93193347,POINT (-73.93193347 40.76808088),QW01,QW,FoodScrap
Manhattan,,40.77622161,-73.9761931,POINT (-73.9761931 40.77622161),MN07,MN,FoodScrap
Staten Island,,40.6337035,-74.14217077,POINT (-74.14217077 40.6337035),SI01,SI,FoodScrap
Brooklyn,,40.68175218,-73.94362126,POINT (-73.94362126 40.68175218),BKN03,BKN,FoodScrap
Bronx,,40.85214985,-73.88634603,POINT (-73.88634603 40.85214985),BX06,BX,FoodScrap
Queens,,40.76236315,-73.91936067,POINT (-73.91936067 40.76236315),QW01,QW,FoodScrap
Bronx,,40.84901271,-73.90952233,POINT (-73.90952233 40.84901271),BX05,BX,FoodScrap
Manhattan,Pier 25 at N. Moore St.,40.7202214,-74.0128434,POINT (-74.0128434 40.7202214),MN01,MN,FoodScrap
Manhattan,,40.83161372,-73.94291718,POINT (-73.94291718 40.83161372),MN12,MN,FoodScrap
Brooklyn,"2 2nd Ave, Brooklyn, NY 11215",40.67541,-73.99128,POINT (-73.99128 40.67541),BKS06,BKS,FoodScrap
Manhattan,,40.81357603,-73.94525472,POINT (-73.94525472 40.81357603),MN10,MN,FoodScrap
Bronx,,40.84212899,-73.85504935,POINT (-73.85504935 40.84212899),BX09,BX,FoodScrap
Brooklyn,,40.69517863,-73.91169753,POINT (-73.91169753 40.69517863),BKN04,BKN,FoodScrap
Manhattan,,40.79837079,-73.96888428,POINT (-73.96888428 40.79837079),MN07,MN,FoodScrap
Queens,,40.75444697,-73.9091628,POINT (-73.9091628 40.75444697),QW01,QW,FoodScrap
Manhattan,,40.81308249,-73.93777002,POINT (-73.93777002 40.81308249),MN10,MN,FoodScrap
Brooklyn,"2840 W 12th Street, Brooklyn, NY 11224",40.57825446,-73.97970298,POINT (-73.97970298 40.57825446),BKS13,BKS,FoodScrap
Brooklyn,,40.67049108,-73.94772705,POINT (-73.94772705 40.67049108),BKN08,BKN,FoodScrap
Bronx,"2222 Bronx Park East, Bronx, NY, 10462",40.8504801,-73.8679953,POINT (-73.8679953 40.8504801),BX11,BX,FoodScrap
Bronx,,40.87283555,-73.90491128,POINT (-73.90491128 40.87283555),BX08,BX,FoodScrap
Manhattan,,40.77544608,-73.95359468,POINT (-73.95359468 40.77544608),MN08,MN,FoodScrap
Brooklyn,,40.67112072,-73.93931296,POINT (-73.93931296 40.67112072),BKN08,BKN,FoodScrap
Manhattan,,40.73565255,-74.00171998,POINT (-74.00171998 40.73565255),MN02,MN,FoodScrap
Manhattan,,40.79314192,-73.94825712,POINT (-73.94825712 40.79314192),MN11,MN,FoodScrap
Manhattan,,40.73800402,-73.98096538,POINT (-73.98096538 40.73800402),MN06,MN,FoodScrap
Manhattan,,40.71162586,-73.98504528,POINT (-73.98504528 40.71162586),MN03,MN,FoodScrap
Brooklyn,,40.68014247,-73.96811318,POINT (-73.96811318 40.68014247),BKN08,BKN,FoodScrap
Brooklyn,"237 Maple St, Brooklyn, NY 11225",40.66085,-73.95283,POINT (-73.95283 40.66085),BKN09,BKN,FoodScrap
Manhattan,Pier 51 at Horatio St. near playground,40.738228,-74.0104549,POINT (-74.0104549 40.738228),MN02,MN,FoodScrap
Manhattan,,40.77363842,-73.95970138,POINT (-73.95970138 40.77363842),MN08,MN,FoodScrap
Queens,"35-20 69th Street, Jackson Heights, NY 11372",40.750278,-73.89678,POINT (-73.89678 40.750278),QW02,QW,FoodScrap
Manhattan,,40.75071927,-73.97465123,POINT (-73.97465123 40.75071927),MN06,MN,FoodScrap
Brooklyn,,40.68892887,-73.91690746,POINT (-73.91690746 40.68892887),BKN04,BKN,FoodScrap
Brooklyn,,40.7019656,-73.9321766,POINT (-73.9321766 40.7019656),BKN04,BKN,FoodScrap
Manhattan,,40.78911889,-73.96666802,POINT (-73.96666802 40.78911889),MN07,MN,FoodScrap
Manhattan,,40.77432421,-73.98491538,POINT (-73.98491538 40.77432421),MN07,MN,FoodScrap
Manhattan,,40.73464701,-73.99481939,POINT (-73.99481939 40.73464701),MN02,MN,FoodScrap
Staten Island,,40.61356176,-74.11656775,POINT (-74.11656775 40.61356176),SI01,SI,FoodScrap
Manhattan,,40.7424067,-74.00077857,POINT (-74.00077857 40.7424067),MN04,MN,FoodScrap
Manhattan,,40.76481457,-73.98776125,POINT (-73.98776125 40.76481457),MN04,MN,FoodScrap
Brooklyn,,40.69385789,-73.92586906,POINT (-73.92586906 40.69385789),BKN04,BKN,FoodScrap
Bronx,E Fordham Rd between Webster Ave & Third Ave,40.8611153,-73.8900366,POINT (-73.8900366 40.8611153),BX06,BX,FoodScrap
Manhattan,"E 17th St & Union Square E, New York, NY",40.73661,-73.9893,POINT (-73.9893 40.73661),MN05,MN,FoodScrap
Bronx,,40.85489479,-73.90380453,POINT (-73.90380453 40.85489479),BX05,BX,FoodScrap
Brooklyn,Decatur St and Lewis Ave,40.68133,-73.93481,POINT (-73.93481 40.68133),BKN03,BKN,FoodScrap
Manhattan,,40.70656567,-74.00674663,POINT (-74.00674663 40.70656567),MN01,MN,FoodScrap
Queens,,40.76499499,-73.92496582,POINT (-73.92496582 40.76499499),QW01,QW,FoodScrap
Brooklyn,7th Ave & 44th St,40.646152,-74.002213,POINT (-74.002213 40.646152),BKS07,BKS,FoodScrap
Manhattan,457 West 162nd Street,40.83593121,-73.93919065,POINT (-73.93919065 40.83593121),MN12,MN,FoodScrap
Staten Island,208 Bay Street,40.63692705,-74.07670907,POINT (-74.07670907 40.63692705),SI01,SI,FoodScrap
Brooklyn,,40.6979632,-73.91719682,POINT (-73.91719682 40.6979632),BKN04,BKN,FoodScrap
Manhattan,Along gates on the southside of 119th Street between Pleasant Avenue and FDR Drive,40.796764,-73.931341,POINT (-73.931341 40.796764),MN11,MN,FoodScrap
Manhattan,,40.80545915,-73.96220095,POINT (-73.96220095 40.80545915),MN09,MN,FoodScrap
Manhattan,,40.78010941,-73.94685208,POINT (-73.94685208 40.78010941),MN08,MN,FoodScrap
Brooklyn,Cortelyou Rd and Rugby Rd,40.641194,-73.965472,POINT (-73.965472 40.641194),BKS14,BKS,FoodScrap
Manhattan,,40.73752862,-73.99693615,POINT (-73.99693615 40.73752862),MN04,MN,FoodScrap
Manhattan,,40.71917142,-73.98495497,POINT (-73.98495497 40.71917142),MN03,MN,FoodScrap
Brooklyn,,40.7027688,-73.92527696,POINT (-73.92527696 40.7027688),BKN04,BKN,FoodScrap
Bronx,,40.83726017,-73.9136583,POINT (-73.9136583 40.83726017),BX04,BX,FoodScrap
Manhattan,,40.80557429,-73.96601334,POINT (-73.96601334 40.80557429),MN09,MN,FoodScrap
Brooklyn,1899 Bergen Street,40.67465,-73.91823,POINT (-73.91823 40.67465),BKN16,BKN,FoodScrap
Bronx,,40.83612098,-73.92934956,POINT (-73.92934956 40.83612098),BX04,BX,FoodScrap
Brooklyn,,40.6721089,-73.92796252,POINT (-73.92796252 40.6721089),BKN08,BKN,FoodScrap
Bronx,Tremont Ave between LaFontaine and Arthur Ave (Tremont Park),40.846468,-73.894107,POINT (-73.894107 40.846468),BX06,BX,FoodScrap
Manhattan,,40.75289817,-73.99262429,POINT (-73.99262429 40.75289817),MN05,MN,FoodScrap
Brooklyn,,40.67081709,-73.9532923,POINT (-73.9532923 40.67081709),BKN08,BKN,FoodScrap
Queens,"45-55 Beach Channel Dr, Far Rockaway, NY, 11691",40.59549,-73.77648,POINT (-73.77648 40.59549),QE14,QE,FoodScrap
Manhattan,,40.78586061,-73.95335141,POINT (-73.95335141 40.78586061),MN08,MN,FoodScrap
Brooklyn,,40.68764908,-73.94487351,POINT (-73.94487351 40.68764908),BKN03,BKN,FoodScrap
Brooklyn,,40.68856507,-73.93027022,POINT (-73.93027022 40.68856507),BKN03,BKN,FoodScrap
Manhattan,,40.72799057,-73.97899926,POINT (-73.97899926 40.72799057),MN03,MN,FoodScrap
Bronx,"541 E 139th St, Bronx, NY 10454",40.80796868,-73.917581,POINT (-73.917581 40.80796868),BX01,BX,FoodScrap
Manhattan,Pier 66 at W 26 St,40.752222,-74.008278,POINT (-74.008278 40.752222),MN04,MN,FoodScrap
Manhattan,,40.72615124,-73.98330253,POINT (-73.98330253 40.72615124),MN03,MN,FoodScrap
Manhattan,,40.71976091,-73.97887822,POINT (-73.97887822 40.71976091),MN03,MN,FoodScrap
Manhattan,,40.74160912,-73.9779265,POINT (-73.9779265 40.74160912),MN06,MN,FoodScrap
Manhattan,242 East 124th,40.802223,-73.934723,POINT (-73.934723 40.802223),MN11,MN,FoodScrap
Brooklyn,,40.70378294,-73.92708376,POINT (-73.92708376 40.70378294),BKN04,BKN,FoodScrap
Queens,"117-15 165th St. Queens, New York, 11434",40.6846363,-73.7809824,POINT (-73.7809824 40.6846363),QE12,QE,FoodScrap
Manhattan,,40.7671587,-73.98634963,POINT (-73.98634963 40.7671587),MN04,MN,FoodScrap
Brooklyn,"58 E 18th St, Brooklyn, NY 11226",40.649778,-73.963194,POINT (-73.963194 40.649778),BKS14,BKS,FoodScrap
Staten Island,,40.61258951,-74.06930957,POINT (-74.06930957 40.61258951),SI01,SI,FoodScrap
Bronx,,40.8460035,-73.8987432,POINT (-73.8987432 40.8460035),BX06,BX,FoodScrap
Brooklyn,,40.68085262,-73.91968254,POINT (-73.91968254 40.68085262),BKN03,BKN,FoodScrap
Brooklyn,,40.67876437,-73.96537833,POINT (-73.96537833 40.67876437),BKN08,BKN,FoodScrap
Manhattan,,40.7640456,-73.95855414,POINT (-73.95855414 40.7640456),MN08,MN,FoodScrap
Bronx,"2780 Schurz Ave, The Bronx, NY 10465 (Intersection of Schurz Avenue and Huntington Avenue)",40.8139813,-73.81908033,POINT (-73.81908033 40.8139813),BX10,BX,FoodScrap
Bronx,,40.82371538,-73.88005123,POINT (-73.88005123 40.82371538),BX09,BX,FoodScrap
Brooklyn,"495 Osborn St, Brooklyn, NY 11212",40.65952663,-73.90591,POINT (-73.90591 40.65952663),BKN16,BKN,FoodScrap
Manhattan,,40.80583543,-73.9471316,POINT (-73.9471316 40.80583543),MN10,MN,FoodScrap
Manhattan,,40.758836,-73.96586281,POINT (-73.96586281 40.758836),MN06,MN,FoodScrap
Manhattan,,40.85312543,-73.92903912,POINT (-73.92903912 40.85312543),MN12,MN,FoodScrap
Bronx,,40.84592818,-73.82940911,POINT (-73.82940911 40.84592818),BX10,BX,FoodScrap
Bronx,,40.87214621,-73.88263956,POINT (-73.88263956 40.87214621),BX07,BX,FoodScrap
Manhattan,Several locations throughout Governors Island,40.691403,-74.019696,POINT (-74.019696 40.691403),MN01,MN,FoodScrap
Manhattan,,40.7286517,-73.99090146,POINT (-73.99090146 40.7286517),MN03,MN,FoodScrap
Manhattan,,40.76801235,-73.96423429,POINT (-73.96423429 40.76801235),MN08,MN,FoodScrap
Manhattan,,40.70860458,-74.01084945,POINT (-74.01084945 40.70860458),MN01,MN,FoodScrap
Queens,79th St and Northern Blvd,40.753687,-73.886999,POINT (-73.886999 40.753687),QW03,QW,FoodScrap
Queens,"NE corner of 67 Rd & 108th Street 67-09 108th St, Forest Hills, NY 11375",40.728415,-73.84711,POINT (-73.84711 40.728415),QW06,QW,FoodScrap
Manhattan,,40.79530362,-73.97107264,POINT (-73.97107264 40.79530362),MN07,MN,FoodScrap
Queens,,40.77405482,-73.93176388,POINT (-73.93176388 40.77405482),QW01,QW,FoodScrap
Manhattan,,40.81899415,-73.95624071,POINT (-73.95624071 40.81899415),MN09,MN,FoodScrap
Manhattan,,40.72142262,-73.99473223,POINT (-73.99473223 40.72142262),MN02,MN,FoodScrap
Brooklyn,"199 York St, Brooklyn, NY 11201",40.701501,-73.98263,POINT (-73.98263 40.701501),BKN02,BKN,FoodScrap
Manhattan,,40.82041375,-73.94368663,POINT (-73.94368663 40.82041375),MN10,MN,FoodScrap
Brooklyn,"87-91 Schenectady Ave, Brooklyn, NY 11213",40.67623,-73.93295,POINT (-73.93295 40.67623),BKN08,BKN,FoodScrap
Brooklyn,Franklin Avenue & Eastern Parkway,40.670745,-73.957743,POINT (-73.957743 40.670745),BKN08,BKN,FoodScrap
Manhattan,,40.7767445,-73.94647013,POINT (-73.94647013 40.7767445),MN08,MN,FoodScrap
Queens,"8105 Lefferts Blvd, Kew Gardens, NY 11415",40.70888,-73.82917,POINT (-73.82917 40.70888),QW09,QW,FoodScrap
Bronx,1024 Woodycrest Avenue,40.83316,-73.92728,POINT (-73.92728 40.83316),BX04,BX,FoodScrap
Manhattan,,40.78914316,-73.97035768,POINT (-73.97035768 40.78914316),MN07,MN,FoodScrap
Queens,Skillman Ave between 42nd St. and 43rd St.,40.746948,-73.921208,POINT (-73.921208 40.746948),QW02,QW,FoodScrap
Bronx,"3101 Kingsbridge Terrace, Bronx NY 10463",40.877299,-73.900709,POINT (-73.900709 40.877299),BX08,BX,FoodScrap
Brooklyn,,40.68758323,-73.90656117,POINT (-73.90656117 40.68758323),BKN04,BKN,FoodScrap
Manhattan,,40.73699589,-73.97826863,POINT (-73.97826863 40.73699589),MN06,MN,FoodScrap
Queens,,40.76701706,-73.92599747,POINT (-73.92599747 40.76701706),QW01,QW,FoodScrap
Brooklyn,N 12th St and Driggs Ave,40.71974,-73.953394,POINT (-73.953394 40.71974),BKN01,BKN,FoodScrap
Brooklyn,,40.69237838,-73.92284252,POINT (-73.92284252 40.69237838),BKN04,BKN,FoodScrap
Manhattan,,40.76639459,-73.99037572,POINT (-73.99037572 40.76639459),MN04,MN,FoodScrap
Manhattan,"219 W 122nd St, New York, NY 10027",40.8075392,-73.9506789,POINT (-73.9506789 40.8075392),MN10,MN,FoodScrap
Manhattan,,40.868433,-73.91832768,POINT (-73.91832768 40.868433),MN12,MN,FoodScrap
Queens,"Roosevelt Ave at 103 Street, Queens",40.749728,-73.862513,POINT (-73.862513 40.749728),QW04,QW,FoodScrap
Brooklyn,,40.67617742,-73.96627855,POINT (-73.96627855 40.67617742),BKN08,BKN,FoodScrap
Bronx,"3266 Bainbridge Avenue, Bronx, NY 10467",40.8774032,-73.8794743,POINT (-73.8794743 40.8774032),BX07,BX,FoodScrap
Manhattan,Pier 40 at Houston St. near dog park,40.7298117,-74.0110087,POINT (-74.0110087 40.7298117),MN02,MN,FoodScrap
Queens,,40.76208812,-73.92557334,POINT (-73.92557334 40.76208812),QW01,QW,FoodScrap
Brooklyn,,40.68513799,-73.92664053,POINT (-73.92664053 40.68513799),BKN03,BKN,FoodScrap
Brooklyn,,40.69389144,-73.90959073,POINT (-73.90959073 40.69389144),BKN04,BKN,FoodScrap
Brooklyn,,40.69300171,-73.9556798,POINT (-73.9556798 40.69300171),BKN03,BKN,FoodScrap
Queens,"Northwest corner of Hoyt Avenue North and 21st Street, in a courtyard that’s officially called SITTING AREA",40.77538,-73.92302,POINT (-73.92302 40.77538),QW01,QW,FoodScrap
Brooklyn,,40.70324915,-73.91453684,POINT (-73.91453684 40.70324915),BKN04,BKN,FoodScrap
Manhattan,,40.73776704,-74.00006544,POINT (-74.00006544 40.73776704),MN02,MN,FoodScrap
Manhattan,,40.77779122,-73.95197613,POINT (-73.95197613 40.77779122),MN08,MN,FoodScrap
Manhattan,,40.72946703,-73.97803,POINT (-73.97803 40.72946703),MN06,MN,FoodScrap
Brooklyn,,40.6792579,-73.92542146,POINT (-73.92542146 40.6792579),BKN03,BKN,FoodScrap
Queens,"32-23 36th St, Queens, NY 11106 (inside parking lot)",40.75914,-73.92146,POINT (-73.92146 40.75914),QW01,QW,FoodScrap
Manhattan,W 12th St and 8th Ave,40.737472,-74.005095,POINT (-74.005095 40.737472),MN02,MN,FoodScrap
Manhattan,,40.80348382,-73.96686314,POINT (-73.96686314 40.80348382),MN07,MN,FoodScrap
Manhattan,,40.8121979,-73.95354006,POINT (-73.95354006 40.8121979),MN09,MN,FoodScrap
Queens,"150-03 Jamaica Ave, Jamaica, NY 11432",40.70216,-73.80445,POINT (-73.80445 40.70216),QE12,QE,FoodScrap
Manhattan,,40.76927318,-73.98478296,POINT (-73.98478296 40.76927318),MN07,MN,FoodScrap
Manhattan,145th St & Edgecombe Ave,40.823692,-73.943764,POINT (-73.943764 40.823692),MN10,MN,FoodScrap
Brooklyn,"565 Barbey St, Brooklyn, NY 11207",40.6688541,-73.8857006,POINT (-73.8857006 40.6688541),BKN05,BKN,FoodScrap
Manhattan,,40.83478846,-73.94085858,POINT (-73.94085858 40.83478846),MN12,MN,FoodScrap
Manhattan,,40.78957914,-73.97379657,POINT (-73.97379657 40.78957914),MN07,MN,FoodScrap
Brooklyn,,40.67428152,-73.94742765,POINT (-73.94742765 40.67428152),BKN08,BKN,FoodScrap
Brooklyn,,40.68434297,-73.95393368,POINT (-73.95393368 40.68434297),BKN03,BKN,FoodScrap
Bronx,,40.8553543,-73.89307771,POINT (-73.89307771 40.8553543),BX06,BX,FoodScrap
Manhattan,,40.73287635,-74.00655867,POINT (-74.00655867 40.73287635),MN02,MN,FoodScrap
Brooklyn,"91 Aberdeen St, Brooklyn, 11207",40.6840598,-73.9050492,POINT (-73.9050492 40.6840598),BKN04,BKN,FoodScrap
Manhattan,,40.75544387,-73.97332562,POINT (-73.97332562 40.75544387),MN05,MN,FoodScrap
Bronx,,40.85034468,-73.9153102,POINT (-73.9153102 40.85034468),BX05,BX,FoodScrap
Manhattan,,40.73090907,-73.97406496,POINT (-73.97406496 40.73090907),MN06,MN,FoodScrap
Manhattan,,40.70584703,-74.0170474,POINT (-74.0170474 40.70584703),MN01,MN,FoodScrap
Brooklyn,Fort Hamilton Pkwy b/t 66 & 67 Sts,40.62988,-74.010582,POINT (-74.010582 40.62988),BKS10,BKS,FoodScrap
Queens,,40.7568246,-73.94436523,POINT (-73.94436523 40.7568246),QW01,QW,FoodScrap
Manhattan,,40.82035708,-73.94025329,POINT (-73.94025329 40.82035708),MN10,MN,FoodScrap
Bronx,Westchester Ave and White Plains Rd.,40.83343,-73.861655,POINT (-73.861655 40.83343),BX09,BX,FoodScrap
Brooklyn,,40.69043184,-73.91965739,POINT (-73.91965739 40.69043184),BKN04,BKN,FoodScrap
Brooklyn,,40.68574435,-73.93556558,POINT (-73.93556558 40.68574435),BKN03,BKN,FoodScrap
Brooklyn,,40.69877411,-73.92600182,POINT (-73.92600182 40.69877411),BKN04,BKN,FoodScrap
Queens,,40.76223009,-73.91863731,POINT (-73.91863731 40.76223009),QW01,QW,FoodScrap
Manhattan,"543 Main St, New York, NY 10044",40.761833,-73.950139,POINT (-73.950139 40.761833),MN08,MN,FoodScrap
Manhattan,Chelsea Waterside Park near the playground,40.7489842,-74.0071142,POINT (-74.0071142 40.7489842),MN04,MN,FoodScrap
Bronx,,40.87628034,-73.88136584,POINT (-73.88136584 40.87628034),BX07,BX,FoodScrap
Manhattan,699 West 138th Street,40.823225,-73.95617,POINT (-73.95617 40.823225),MN09,MN,FoodScrap
Brooklyn,,40.69389322,-73.94294936,POINT (-73.94294936 40.69389322),BKN03,BKN,FoodScrap
Brooklyn,,40.70421989,-73.91591713,POINT (-73.91591713 40.70421989),BKN04,BKN,FoodScrap
Manhattan,77th Street between Columbus Ave and Central Park West,40.780087,-73.974657,POINT (-73.974657 40.780087),MN07,MN,FoodScrap
Queens,"74-10 88th St, Glendale, NY 11385",40.707547,-73.864884,POINT (-73.864884 40.707547),QW05,QW,FoodScrap
Bronx,"1501 Jerome Ave, Bronx, NY 10452",40.8432747,-73.9162121,POINT (-73.9162121 40.8432747),BX04,BX,FoodScrap
Queens,"Broadway & Vernon Blvd, Queens, NY 11106",40.768389,-73.937,POINT (-73.937 40.768389),QW01,QW,FoodScrap
Staten Island,,40.63241896,-74.15653929,POINT (-74.15653929 40.63241896),SI01,SI,FoodScrap
Brooklyn,,40.68277198,-73.94101046,POINT (-73.94101046 40.68277198),BKN03,BKN,FoodScrap
Bronx,,40.83545663,-73.92011907,POINT (-73.92011907 40.83545663),BX04,BX,FoodScrap
Bronx,"494 E 141st St, The Bronx, NY 10454",40.8097074,-73.9185797,POINT (-73.9185797 40.8097074),BX01,BX,FoodScrap
Bronx,,40.84052114,-73.91521599,POINT (-73.91521599 40.84052114),BX04,BX,FoodScrap
Manhattan,,40.71741522,-74.013125,POINT (-74.013125 40.71741522),MN01,MN,FoodScrap
Manhattan,,40.73913472,-73.9954027,POINT (-73.9954027 40.73913472),MN05,MN,FoodScrap
Bronx,,40.85886086,-73.91091943,POINT (-73.91091943 40.85886086),BX07,BX,FoodScrap
Manhattan,,40.74723685,-73.98983753,POINT (-73.98983753 40.74723685),MN05,MN,FoodScrap
Queens,"385 Beach 45th St, Far Rockaway, NY 11691",40.595012,-73.7765544,POINT (-73.7765544 40.595012),QE14,QE,FoodScrap
Manhattan,,40.78008138,-73.95322226,POINT (-73.95322226 40.78008138),MN08,MN,FoodScrap
Manhattan,Seaman Ave and Isham St (N corner),40.870106,-73.920792,POINT (-73.920792 40.870106),MN12,MN,FoodScrap
Manhattan,Pier 76 at 34th Street and 12th Ave outside of compost yard South of 34th St,40.756032,-74.006046,POINT (-74.006046 40.756032),MN04,MN,FoodScrap
Brooklyn,,40.69040998,-73.94542437,POINT (-73.94542437 40.69040998),BKN03,BKN,FoodScrap
Manhattan,"546 East 12th St, New York, NY 10009",40.7281,-73.979,POINT (-73.979 40.7281),MN03,MN,FoodScrap
Bronx,,40.82885132,-73.85682028,POINT (-73.85682028 40.82885132),BX09,BX,FoodScrap
Manhattan,,40.80473262,-73.96234996,POINT (-73.96234996 40.80473262),MN09,MN,FoodScrap
Queens,,40.75685381,-73.90800554,POINT (-73.90800554 40.75685381),QW01,QW,FoodScrap
Bronx,,40.8385211,-73.84905796,POINT (-73.84905796 40.8385211),BX10,BX,FoodScrap
Queens,,40.76355516,-73.92199025,POINT (-73.92199025 40.76355516),QW01,QW,FoodScrap
Manhattan,,40.7185603,-73.99876398,POINT (-73.99876398 40.7185603),MN02,MN,FoodScrap
Brooklyn,,40.67029476,-73.92811507,POINT (-73.92811507 40.67029476),BKN08,BKN,FoodScrap
Brooklyn,,40.67676683,-73.94710109,POINT (-73.94710109 40.67676683),BKN08,BKN,FoodScrap
Brooklyn,,40.67812845,-73.91918834,POINT (-73.91918834 40.67812845),BKN03,BKN,FoodScrap
Brooklyn,,40.67165677,-73.95756003,POINT (-73.95756003 40.67165677),BKN08,BKN,FoodScrap
Brooklyn,Hillel Pl & Flatbush Ave,40.632583,-73.948111,POINT (-73.948111 40.632583),BKS14,BKS,FoodScrap
Manhattan,"West of 110 West 90th street, New York, NY 10024 (between Columbus Ave and Amsterdam Ave)",40.78951562,-73.9716111,POINT (-73.9716111 40.78951562),MN07,MN,FoodScrap
Queens,"50th St and Barnett Avenue Woodside, NY 11104",40.75013,-73.91369,POINT (-73.91369 40.75013),QW02,QW,FoodScrap
Queens,"41-12 45th Street (45th St & Skillman Ave, Queens, NY 11104)",40.746199,-73.919118,POINT (-73.919118 40.746199),QW02,QW,FoodScrap
Manhattan,,40.7948329,-73.93320322,POINT (-73.93320322 40.7948329),MN11,MN,FoodScrap
Manhattan,,40.77035403,-73.95388877,POINT (-73.95388877 40.77035403),MN08,MN,FoodScrap
Brooklyn,"15 River Street Brooklyn, NY 11249",40.714448,-73.968049,POINT (-73.968049 40.714448),BKN01,BKN,FoodScrap
Manhattan,,40.79525233,-73.97328626,POINT (-73.97328626 40.79525233),MN07,MN,FoodScrap
Manhattan,East 91st St & York Ave,40.779055,-73.944665,POINT (-73.944665 40.779055),MN08,MN,FoodScrap
Queens,"86-02 Broadway, Elmhurst, NY 11373",40.73833,-73.87775,POINT (-73.87775 40.73833),QW04,QW,FoodScrap
Queens,,40.76558558,-73.92632732,POINT (-73.92632732 40.76558558),QW01,QW,FoodScrap
Manhattan,,40.77113841,-73.98717945,POINT (-73.98717945 40.77113841),MN07,MN,FoodScrap
Manhattan,,40.71989182,-73.99195962,POINT (-73.99195962 40.71989182),MN03,MN,FoodScrap
Brooklyn,"7151 Avenue T, Brooklyn, NY 11234",40.62214652,-73.9084944,POINT (-73.9084944 40.62214652),BKS18,BKS,FoodScrap
Brooklyn,"336 3rd St, Brooklyn, NY 11215",40.6727118,-73.984731,POINT (-73.984731 40.6727118),BKS06,BKS,FoodScrap
Manhattan,"437 E 114th St, New York, NY 10029",40.79426591,-73.93441424,POINT (-73.93441424 40.79426591),MN11,MN,FoodScrap
Staten Island,Compost Demonstration Site at Snug Harbor Cultural Center & Botanical Garden 1000 Richmond Terrace,40.641619,-74.1012686,POINT (-74.1012686 40.641619),SI01,SI,FoodScrap
Queens,,40.76417452,-73.92345808,POINT (-73.92345808 40.76417452),QW01,QW,FoodScrap
Queens,,40.77285588,-73.93261246,POINT (-73.93261246 40.77285588),QW01,QW,FoodScrap
Manhattan,,40.78070495,-73.97665659,POINT (-73.97665659 40.78070495),MN07,MN,FoodScrap
Brooklyn,,40.67165371,-73.96107707,POINT (-73.96107707 40.67165371),BKN08,BKN,FoodScrap
Manhattan,"130 W 139th St, New York, NY 10030",40.81714524,-73.94088227,POINT (-73.94088227 40.81714524),MN10,MN,FoodScrap
Manhattan,,40.81491836,-73.95299658,POINT (-73.95299658 40.81491836),MN09,MN,FoodScrap
Queens,"82-52 Abingdon Road Kew Gardens, NY 11415",40.7081655,-73.8342141,POINT (-73.8342141 40.7081655),QW09,QW,FoodScrap
Brooklyn,"219 McKibben Street, Brooklyn, NY 11206",40.705441,-73.93882,POINT (-73.93882 40.705441),BKN01,BKN,FoodScrap
Manhattan,Grand Street & Clinton Street,40.715889,-73.986861,POINT (-73.986861 40.715889),MN03,MN,FoodScrap
Queens,,40.76154874,-73.93188491,POINT (-73.93188491 40.76154874),QW01,QW,FoodScrap
Queens,"32-11 31st St, Queens, NY 11106",40.761472,-73.925611,POINT (-73.925611 40.761472),QW01,QW,FoodScrap
Manhattan,,40.71424652,-73.98167007,POINT (-73.98167007 40.71424652),MN03,MN,FoodScrap
Bronx,,40.85928459,-73.89476415,POINT (-73.89476415 40.85928459),BX05,BX,FoodScrap
Manhattan,,40.77806091,-73.95466305,POINT (-73.95466305 40.77806091),MN08,MN,FoodScrap
Manhattan,"Southeeast Corder of 10th Avenue and 43rd STreet, NY NY 10036",40.7601267,-73.9949035,POINT (-73.9949035 40.7601267),MN04,MN,FoodScrap
Bronx,,40.81859325,-73.86818949,POINT (-73.86818949 40.81859325),BX09,BX,FoodScrap
Manhattan,,40.76550445,-73.96592719,POINT (-73.96592719 40.76550445),MN08,MN,FoodScrap
Queens,33-50 82nd street,40.754004,-73.885483,POINT (-73.885483 40.754004),QW03,QW,FoodScrap
Brooklyn,,40.67303171,-73.94181043,POINT (-73.94181043 40.67303171),BKN08,BKN,FoodScrap
Brooklyn,Court St. and Montague St.,40.693609,-73.990261,POINT (-73.990261 40.693609),BKN02,BKN,FoodScrap
Manhattan,,40.82647613,-73.9468776,POINT (-73.9468776 40.82647613),MN09,MN,FoodScrap
Queens,Cypress Ave btw Myrtle Ave. and Putnam Ave.,40.7003,-73.906675,POINT (-73.906675 40.7003),QW05,QW,FoodScrap
Brooklyn,,40.67867868,-73.97343334,POINT (-73.97343334 40.67867868),BKN08,BKN,FoodScrap
Staten Island,,40.62214724,-74.07850452,POINT (-74.07850452 40.62214724),SI01,SI,FoodScrap
Brooklyn,613 New Lots Avenue,40.66547,-73.88668,POINT (-73.88668 40.66547),BKN05,BKN,FoodScrap
Queens,,40.7649409,-73.92701134,POINT (-73.92701134 40.7649409),QW01,QW,FoodScrap
Manhattan,,40.73120287,-73.9824943,POINT (-73.9824943 40.73120287),MN03,MN,FoodScrap
Manhattan,,40.797433,-73.93471364,POINT (-73.93471364 40.797433),MN11,MN,FoodScrap
Brooklyn,,40.68393669,-73.95034757,POINT (-73.95034757 40.68393669),BKN03,BKN,FoodScrap
Brooklyn,"474 New Jersey Ave, Brooklyn, NY 11207",40.6676529,-73.8940832,POINT (-73.8940832 40.6676529),BKN05,BKN,FoodScrap
Brooklyn,Wilson Ave & Moffat St (near L train),40.688793,-73.904826,POINT (-73.904826 40.688793),BKN04,BKN,FoodScrap
Manhattan,758 Enright Rd,40.6871579,-74.0201142,POINT (-74.0201142 40.6871579),MN01,MN,FoodScrap
Manhattan,,40.74163392,-73.99363601,POINT (-73.99363601 40.74163392),MN05,MN,FoodScrap
Manhattan,,40.7721778,-73.99013103,POINT (-73.99013103 40.7721778),MN07,MN,FoodScrap
Manhattan,,40.71066348,-74.00341004,POINT (-74.00341004 40.71066348),MN01,MN,FoodScrap
Bronx,,40.83769228,-73.8663211,POINT (-73.8663211 40.83769228),BX09,BX,FoodScrap
Brooklyn,"36 Somers Street, Brooklyn, NY 11233",40.6785,-73.912,POINT (-73.912 40.6785),BKN16,BKN,FoodScrap
Manhattan,W 97th St and Amsterdam Ave,40.794717,-73.969552,POINT (-73.969552 40.794717),MN07,MN,FoodScrap
Manhattan,,40.77611866,-73.97994637,POINT (-73.97994637 40.77611866),MN07,MN,FoodScrap
Brooklyn,,40.6734846,-73.93339064,POINT (-73.93339064 40.6734846),BKN08,BKN,FoodScrap
Manhattan,,40.78520105,-73.97335456,POINT (-73.97335456 40.78520105),MN07,MN,FoodScrap
Bronx,"2007 Mapes Ave, Bronx, NY 10460",40.844901,-73.887287,POINT (-73.887287 40.844901),BX06,BX,FoodScrap
Manhattan,,40.7540545,-73.96902092,POINT (-73.96902092 40.7540545),MN06,MN,FoodScrap
Manhattan,,40.76880091,-73.95866268,POINT (-73.95866268 40.76880091),MN08,MN,FoodScrap
Brooklyn,,40.67459378,-73.95274546,POINT (-73.95274546 40.67459378),BKN08,BKN,FoodScrap
Brooklyn,"219 34th Street, Brooklyn 11232",40.6547305,-74.0018481,POINT (-74.0018481 40.6547305),BKS07,BKS,FoodScrap
Staten Island,Chappell Street and Henderson Avenue,40.636758,-74.119727,POINT (-74.119727 40.636758),SI01,SI,FoodScrap
Manhattan,,40.73887359,-73.98511663,POINT (-73.98511663 40.73887359),MN06,MN,FoodScrap
Manhattan,,40.86620151,-73.92508216,POINT (-73.92508216 40.86620151),MN12,MN,FoodScrap
Brooklyn,,40.70669251,-73.9204542,POINT (-73.9204542 40.70669251),BKN04,BKN,FoodScrap
Brooklyn,18th Ave btwn 81st & 82nd Streets,40.609644,-73.999683,POINT (-73.999683 40.609644),BKS11,BKS,FoodScrap
Queens,,40.76656937,-73.92594543,POINT (-73.92594543 40.76656937),QW01,QW,FoodScrap
Queens,"106-1 173rd Street, Jamaica, NY",40.7018967,-73.7834692,POINT (-73.7834692 40.7018967),QE12,QE,FoodScrap
Manhattan,,40.74633636,-73.98169907,POINT (-73.98169907 40.74633636),MN05,MN,FoodScrap
Manhattan,,40.73916944,-74.00274561,POINT (-74.00274561 40.73916944),MN02,MN,FoodScrap
Brooklyn,,40.69555546,-73.94638695,POINT (-73.94638695 40.69555546),BKN03,BKN,FoodScrap
Queens,"The corner of Yellowstone Blvd, and Kessel Street Forest Hills, NY 11375",40.71645,-73.85778,POINT (-73.85778 40.71645),QW06,QW,FoodScrap
Brooklyn,,40.67358758,-73.96311119,POINT (-73.96311119 40.67358758),BKN08,BKN,FoodScrap
Bronx,3400 Reservoir Oval East,40.87896,-73.87585,POINT (-73.87585 40.87896),BX07,BX,FoodScrap
Manhattan,,40.73119051,-73.98598125,POINT (-73.98598125 40.73119051),MN03,MN,FoodScrap
Manhattan,,40.7716845,-73.96144625,POINT (-73.96144625 40.7716845),MN08,MN,FoodScrap
Manhattan,,40.74960583,-74.00261308,POINT (-74.00261308 40.74960583),MN04,MN,FoodScrap
Brooklyn,,40.69271648,-73.9155288,POINT (-73.9155288 40.69271648),BKN04,BKN,FoodScrap
Staten Island,,40.64302975,-74.07558024,POINT (-74.07558024 40.64302975),SI01,SI,FoodScrap
Brooklyn,,40.68823356,-73.95123169,POINT (-73.95123169 40.68823356),BKN03,BKN,FoodScrap
Manhattan,,40.85578084,-73.93784981,POINT (-73.93784981 40.85578084),MN12,MN,FoodScrap
Queens,Ditmars #1 Municipal Parking Field 22-18 33rd Street,40.774194,-73.911611,POINT (-73.911611 40.774194),QW01,QW,FoodScrap
Bronx,,40.82705719,-73.83048333,POINT (-73.83048333 40.82705719),BX10,BX,FoodScrap
Bronx,2502 Davidson Ave,40.864176,-73.900932,POINT (-73.900932 40.864176),BX07,BX,FoodScrap
Manhattan,,40.73534879,-73.99849526,POINT (-73.99849526 40.73534879),MN02,MN,FoodScrap
Manhattan,,40.80556262,-73.93639237,POINT (-73.93639237 40.80556262),MN11,MN,FoodScrap
Manhattan,14th Street Park at southwest corner of 15th St. and 10th Ave,40.742827,-74.0078384,POINT (-74.0078384 40.742827),MN04,MN,FoodScrap
Bronx,"5521 Mosholu Ave Bronx, NY 10471",40.90354363,-73.90384467,POINT (-73.90384467 40.90354363),BX08,BX,FoodScrap
Brooklyn,,40.69828985,-73.93382885,POINT (-73.93382885 40.69828985),BKN04,BKN,FoodScrap
Brooklyn,,40.68135249,-73.92874405,POINT (-73.92874405 40.68135249),BKN03,BKN,FoodScrap
Brooklyn,326 Clinton Street,40.68596,-73.99701,POINT (-73.99701 40.68596),BKS06,BKS,FoodScrap
Manhattan,Madison Avenue & E 25 Street,40.742278,-73.98725,POINT (-73.98725 40.742278),MN05,MN,FoodScrap
Manhattan,,40.76216672,-73.99722147,POINT (-73.99722147 40.76216672),MN04,MN,FoodScrap
Manhattan,,40.78580942,-73.94264292,POINT (-73.94264292 40.78580942),MN11,MN,FoodScrap
Manhattan,,40.80207202,-73.95370033,POINT (-73.95370033 40.80207202),MN10,MN,FoodScrap
Manhattan,Pier 46 at Charles St,40.734225,-74.010722,POINT (-74.010722 40.734225),MN02,MN,FoodScrap
Bronx,,40.85345387,-73.88198409,POINT (-73.88198409 40.85345387),BX06,BX,FoodScrap
Manhattan,,40.73034922,-74.0025199,POINT (-74.0025199 40.73034922),MN02,MN,FoodScrap
Brooklyn,,40.69293663,-73.90797403,POINT (-73.90797403 40.69293663),BKN04,BKN,FoodScrap
Brooklyn,,40.68303106,-73.92619696,POINT (-73.92619696 40.68303106),BKN03,BKN,FoodScrap
Bronx,,40.8447734,-73.9133703,POINT (-73.9133703 40.8447734),BX04,BX,FoodScrap
Manhattan,,40.81113664,-73.95765916,POINT (-73.95765916 40.81113664),MN09,MN,FoodScrap
Manhattan,,40.77833307,-73.94848936,POINT (-73.94848936 40.77833307),MN08,MN,FoodScrap
Brooklyn,,40.70249991,-73.91299399,POINT (-73.91299399 40.70249991),BKN04,BKN,FoodScrap
Manhattan,,40.73539349,-73.98759673,POINT (-73.98759673 40.73539349),MN06,MN,FoodScrap
Manhattan,,40.82096078,-73.95101175,POINT (-73.95101175 40.82096078),MN09,MN,FoodScrap
Manhattan,"E 7th St & Avenue A, New York, NY 10009",40.725995,-73.983207,POINT (-73.983207 40.725995),MN03,MN,FoodScrap
Bronx,"670 Grand Concourse, The Bronx, NY 10451",40.82135,-73.92506,POINT (-73.92506 40.82135),BX04,BX,FoodScrap
Queens,,40.77534869,-73.93613856,POINT (-73.93613856 40.77534869),QW01,QW,FoodScrap
Manhattan,First Avenue between Houston and First Street (West Side),40.723183,-73.988622,POINT (-73.988622 40.723183),MN03,MN,FoodScrap
Manhattan,,40.73363996,-73.98073154,POINT (-73.98073154 40.73363996),MN06,MN,FoodScrap
Queens,"73-50 Little Neck Parkway, Queens, NY 11004",40.748406,-73.721002,POINT (-73.721002 40.748406),QE13,QE,FoodScrap
Manhattan,96th St & Lexington Ave,40.785792,-73.950833,POINT (-73.950833 40.785792),MN08,MN,FoodScrap
Brooklyn,,40.68457611,-73.94418888,POINT (-73.94418888 40.68457611),BKN03,BKN,FoodScrap
Brooklyn,,40.67726495,-73.96265991,POINT (-73.96265991 40.67726495),BKN08,BKN,FoodScrap
Brooklyn,,40.67741189,-73.95897587,POINT (-73.95897587 40.67741189),BKN08,BKN,FoodScrap
Manhattan,,40.74160624,-73.98558685,POINT (-73.98558685 40.74160624),MN05,MN,FoodScrap
Brooklyn,"120 16th Street, Brooklyn, New York 11215",40.6657639,-73.9918034,POINT (-73.9918034 40.6657639),BKS07,BKS,FoodScrap
Manhattan,,40.78664183,-73.96841286,POINT (-73.96841286 40.78664183),MN07,MN,FoodScrap
Queens,"49-09 5th Street, Queens, NY 11101",40.74387,-73.9562,POINT (-73.9562 40.74387),QW02,QW,FoodScrap
Brooklyn,,40.68922911,-73.90958436,POINT (-73.90958436 40.68922911),BKN04,BKN,FoodScrap
Brooklyn,,40.7003602,-73.9289955,POINT (-73.9289955 40.7003602),BKN04,BKN,FoodScrap
Brooklyn,,40.67710908,-73.95261202,POINT (-73.95261202 40.67710908),BKN08,BKN,FoodScrap
Queens,,40.76298114,-73.92041435,POINT (-73.92041435 40.76298114),QW01,QW,FoodScrap
Manhattan,,40.79097092,-73.9727667,POINT (-73.9727667 40.79097092),MN07,MN,FoodScrap
Bronx,,40.83502288,-73.84560562,POINT (-73.84560562 40.83502288),BX10,BX,FoodScrap
Manhattan,,40.75751347,-73.95414933,POINT (-73.95414933 40.75751347),MN08,MN,FoodScrap
Staten Island,"1 Campus Rd, Staten Island, NY 10301",40.613444,-74.095028,POINT (-74.095028 40.613444),SI01,SI,FoodScrap
Manhattan,,40.76216002,-73.98983497,POINT (-73.98983497 40.76216002),MN04,MN,FoodScrap
Manhattan,"W 24th St. and 8th Ave., New York, NY, 1001 (Collection bins are on the northwest corner of W 24th St and 8th Ave., near subway exit)",40.745331,-73.998272,POINT (-73.998272 40.745331),MN04,MN,FoodScrap
Brooklyn,,40.69513222,-73.92812781,POINT (-73.92812781 40.69513222),BKN04,BKN,FoodScrap
Bronx,,40.84112457,-73.88433337,POINT (-73.88433337 40.84112457),BX06,BX,FoodScrap
Brooklyn,,40.69466118,-73.93744513,POINT (-73.93744513 40.69466118),BKN03,BKN,FoodScrap
Manhattan,Lower level downstairs at corner of Chambers St and River Terrace,40.7183877,-74.0148782,POINT (-74.0148782 40.7183877),MN01,MN,FoodScrap
Bronx,,40.85487248,-73.91663756,POINT (-73.91663756 40.85487248),BX05,BX,FoodScrap
Manhattan,,40.83816928,-73.93815592,POINT (-73.93815592 40.83816928),MN12,MN,FoodScrap
Queens,Ditmars Boulevard and 41st Street,40.7724122,-73.9053388,POINT (-73.9053388 40.7724122),QW01,QW,FoodScrap
Brooklyn,,40.70137351,-73.91136554,POINT (-73.91136554 40.70137351),BKN04,BKN,FoodScrap
Manhattan,,40.81773208,-73.94737802,POINT (-73.94737802 40.81773208),MN10,MN,FoodScrap
Manhattan,"1665 Park Avenue, Manhattan 10035 between 117th and 118th Streets",40.80014,-73.94232,POINT (-73.94232 40.80014),MN11,MN,FoodScrap
Brooklyn,"956 New Lots Avenue, Brooklyn, NY 11208",40.6689286,-73.876838,POINT (-73.876838 40.6689286),BKN05,BKN,FoodScrap
Brooklyn,,40.68640156,-73.92984342,POINT (-73.92984342 40.68640156),BKN03,BKN,FoodScrap
Queens,"51st Street between 31st and 32nd Avenue, Woodside, NY 11377",40.756149,-73.907915,POINT (-73.907915 40.756149),QW01,QW,FoodScrap
Queens,"30-36 41st Street, Astoria, NY",40.762667,-73.915111,POINT (-73.915111 40.762667),QW01,QW,FoodScrap
Queens,"40-19 Gleane Street, Elmhurst, NY, 11373",40.7475361,-73.8820084,POINT (-73.8820084 40.7475361),QW04,QW,FoodScrap
Manhattan,,40.71673502,-73.98896139,POINT (-73.98896139 40.71673502),MN03,MN,FoodScrap
Brooklyn,"1149 Rockaway Avenue, Brooklyn NY, 11236",40.6516767,-73.9059912,POINT (-73.9059912 40.6516767),BKS18,BKS,FoodScrap
Manhattan,,40.77294782,-73.94638708,POINT (-73.94638708 40.77294782),MN08,MN,FoodScrap
Manhattan,,40.79670761,-73.94496605,POINT (-73.94496605 40.79670761),MN11,MN,FoodScrap
Brooklyn,,40.66973149,-73.94219801,POINT (-73.94219801 40.66973149),BKN08,BKN,FoodScrap
Bronx,"Gate 8: Bedford Park Blvd West & Paul Ave Bronx, NY 10468",40.873838,-73.895344,POINT (-73.895344 40.873838),BX07,BX,FoodScrap
Manhattan,,40.73121274,-74.00773183,POINT (-74.00773183 40.73121274),MN02,MN,FoodScrap
Brooklyn,,40.67463802,-73.92219376,POINT (-73.92219376 40.67463802),BKN08,BKN,FoodScrap
Manhattan,,40.77125669,-73.95030766,POINT (-73.95030766 40.77125669),MN08,MN,FoodScrap
Manhattan,,40.72624754,-73.97435929,POINT (-73.97435929 40.72624754),MN03,MN,FoodScrap
Brooklyn,"337 Van Siclen Ave, Brooklyn, NY 11207",40.671653,-73.889806,POINT (-73.889806 40.671653),BKN05,BKN,FoodScrap
Brooklyn,"103 Otsego St, Brooklyn, NY 11231",40.6726299,-74.0103773,POINT (-74.0103773 40.6726299),BKS06,BKS,FoodScrap
Manhattan,,40.80984148,-73.94765664,POINT (-73.94765664 40.80984148),MN10,MN,FoodScrap
Manhattan,,40.77844967,-73.98593115,POINT (-73.98593115 40.77844967),MN07,MN,FoodScrap
Manhattan,,40.78693626,-73.97570673,POINT (-73.97570673 40.78693626),MN07,MN,FoodScrap
Manhattan,,40.72958971,-74.00684701,POINT (-74.00684701 40.72958971),MN02,MN,FoodScrap
Brooklyn,Flatbush Ave & Prospect Park W (Prospect Park entrance),40.671899,-73.969673,POINT (-73.969673 40.671899),,BKS,FoodScrap
Brooklyn,"5816 Clarendon Rd, Brooklyn, NY 11203",40.64451,-73.92038,POINT (-73.92038 40.64451),BKN17,BKN,FoodScrap
Queens,,40.76387665,-73.92266314,POINT (-73.92266314 40.76387665),QW01,QW,FoodScrap
Staten Island,"Staten Island Mall, Marsh Ave & Ring Rd, Staten Island, NY 10314",40.583757,-74.161931,POINT (-74.161931 40.583757),SI02,SI,FoodScrap
Brooklyn,,40.6789777,-73.93855054,POINT (-73.93855054 40.6789777),BKN03,BKN,FoodScrap
Brooklyn,,40.6932882,-73.90436713,POINT (-73.90436713 40.6932882),BKN04,BKN,FoodScrap
Bronx,New Settlement Community Center 1501 Jerome Ave.,40.840005,-73.916636,POINT (-73.916636 40.840005),BX04,BX,FoodScrap
Manhattan,75 Battery Place,40.7067584,-74.0171557,POINT (-74.0171557 40.7067584),MN01,MN,FoodScrap
Brooklyn,,40.68415382,-73.90844576,POINT (-73.90844576 40.68415382),BKN04,BKN,FoodScrap
Queens,,40.76122012,-73.93532887,POINT (-73.93532887 40.76122012),QW01,QW,FoodScrap
Manhattan,,40.84608111,-73.94016188,POINT (-73.94016188 40.84608111),MN12,MN,FoodScrap
Bronx,,40.81799952,-73.85720618,POINT (-73.85720618 40.81799952),BX09,BX,FoodScrap
Queens,Adjacent to 41-38 69th Street and Woodside Avenue,40.74268,-73.89566,POINT (-73.89566 40.74268),QW02,QW,FoodScrap
Manhattan,,40.71256506,-74.00756553,POINT (-74.00756553 40.71256506),MN01,MN,FoodScrap
Manhattan,,40.79141162,-73.94473729,POINT (-73.94473729 40.79141162),MN11,MN,FoodScrap
Queens,"Parking Garden at QBG 42-80 Crommelin Street 42-80 Crommelin Avenue, Flushing, NY 11355",40.75159,-73.82981,POINT (-73.82981 40.75159),QE07,QE,FoodScrap
Bronx,"757 Melrose Ave Bronx, NY 10451",40.8215402,-73.9155499,POINT (-73.9155499 40.8215402),BX01,BX,FoodScrap
Manhattan,,40.78189489,-73.97906582,POINT (-73.97906582 40.78189489),MN07,MN,FoodScrap
Staten Island,,40.64305723,-74.07695856,POINT (-74.07695856 40.64305723),SI01,SI,FoodScrap
Manhattan,,40.72642093,-73.9943678,POINT (-73.9943678 40.72642093),MN02,MN,FoodScrap
Brooklyn,Park Place & Carlton Ave,40.67741,-73.972226,POINT (-73.972226 40.67741),BKN08,BKN,FoodScrap
Queens,,40.76668263,-73.92875042,POINT (-73.92875042 40.76668263),QW01,QW,FoodScrap
Manhattan,,40.79758808,-73.93138837,POINT (-73.93138837 40.79758808),MN11,MN,FoodScrap
Brooklyn,,40.68254875,-73.94996937,POINT (-73.94996937 40.68254875),BKN03,BKN,FoodScrap
Brooklyn,2 Greenpoint Ave and West Street,40.7296982,-73.9601997,POINT (-73.9601997 40.7296982),BKN01,BKN,FoodScrap
Brooklyn,,40.69090444,-73.90418004,POINT (-73.90418004 40.69090444),BKN04,BKN,FoodScrap
Manhattan,,40.74152246,-73.98135115,POINT (-73.98135115 40.74152246),MN06,MN,FoodScrap
Brooklyn,,40.70585648,-73.91865954,POINT (-73.91865954 40.70585648),BKN04,BKN,FoodScrap
Bronx,E Gun Hill Road and Dekalb Ave. (SE corner),40.88201,-73.880346,POINT (-73.880346 40.88201),BX07,BX,FoodScrap
Manhattan,,40.86054009,-73.92733723,POINT (-73.92733723 40.86054009),MN12,MN,FoodScrap
Queens,,40.75530561,-73.94141782,POINT (-73.94141782 40.75530561),QW01,QW,FoodScrap
Bronx,,40.83292727,-73.86668779,POINT (-73.86668779 40.83292727),BX09,BX,FoodScrap
Brooklyn,750 Howard Avenue,40.66362877,-73.9190362,POINT (-73.9190362 40.66362877),BKN16,BKN,FoodScrap
Brooklyn,,40.69744237,-73.92379101,POINT (-73.92379101 40.69744237),BKN04,BKN,FoodScrap
Manhattan,,40.79805485,-73.94852463,POINT (-73.94852463 40.79805485),MN10,MN,FoodScrap
Brooklyn,,40.6903182,-73.93640511,POINT (-73.93640511 40.6903182),BKN03,BKN,FoodScrap
Queens,"38-12 30th Ave, Queens, NY 11103",40.764056,-73.915722,POINT (-73.915722 40.764056),QW01,QW,FoodScrap
Brooklyn,,40.68871201,-73.95497169,POINT (-73.95497169 40.68871201),BKN03,BKN,FoodScrap
Bronx,,40.86548295,-73.89523789,POINT (-73.89523789 40.86548295),BX07,BX,FoodScrap
Manhattan,"W 181st St & Fort Washington Ave, New York, NY 10033",40.850947,-73.938068,POINT (-73.938068 40.850947),MN12,MN,FoodScrap
Queens,,40.76267874,-73.92014229,POINT (-73.92014229 40.76267874),QW01,QW,FoodScrap
Brooklyn,,40.68419729,-73.93525746,POINT (-73.93525746 40.68419729),BKN03,BKN,FoodScrap
Queens,MacDonald Park: Queens Blvd and 70th Ave,40.721268,-73.846877,POINT (-73.846877 40.721268),QW06,QW,FoodScrap
Manhattan,,40.72504421,-73.98699125,POINT (-73.98699125 40.72504421),MN03,MN,FoodScrap
Queens,"26-25 97th St, Queens, NY 11369",40.7616519,-73.8720745,POINT (-73.8720745 40.7616519),QW03,QW,FoodScrap
Manhattan,,40.76175746,-73.96866043,POINT (-73.96866043 40.76175746),MN05,MN,FoodScrap
Manhattan,,40.79786102,-73.96400325,POINT (-73.96400325 40.79786102),MN07,MN,FoodScrap
Manhattan,,40.70815249,-74.0020686,POINT (-74.0020686 40.70815249),MN01,MN,FoodScrap
Manhattan,,40.82979403,-73.94453757,POINT (-73.94453757 40.82979403),MN09,MN,FoodScrap
Manhattan,,40.77068591,-73.98008527,POINT (-73.98008527 40.77068591),MN07,MN,FoodScrap
Brooklyn,461 Williams Avenue,40.66481607,-73.89751893,POINT (-73.89751893 40.66481607),BKN05,BKN,FoodScrap
Bronx,,40.84622162,-73.88896354,POINT (-73.88896354 40.84622162),BX06,BX,FoodScrap
Manhattan,,40.81762957,-73.95314779,POINT (-73.95314779 40.81762957),MN09,MN,FoodScrap
Manhattan,,40.77970216,-73.98189624,POINT (-73.98189624 40.77970216),MN07,MN,FoodScrap
Manhattan,,40.80957427,-73.93987723,POINT (-73.93987723 40.80957427),MN11,MN,FoodScrap
Brooklyn,,40.67645433,-73.94148588,POINT (-73.94148588 40.67645433),BKN08,BKN,FoodScrap
Queens,Metropolitan Ave & Audley St,40.707626,-73.836079,POINT (-73.836079 40.707626),QW09,QW,FoodScrap
Queens,"107-31 Inwood St, Queens, NY 11435",40.69056,-73.80395,POINT (-73.80395 40.69056),QE12,QE,FoodScrap
Bronx,"541 E 139th St, Bronx, NY 10454",40.80811,-73.91752,POINT (-73.91752 40.80811),BX01,BX,FoodScrap
Queens,,40.76524333,-73.92510952,POINT (-73.92510952 40.76524333),QW01,QW,FoodScrap
Manhattan,"397 FDR Dr, New York, NY 10002 (Southeast corner of Cherry Street and Jackson Street)",40.712164,-73.980547,POINT (-73.980547 40.712164),MN03,MN,FoodScrap
Bronx,,40.85693035,-73.89822654,POINT (-73.89822654 40.85693035),BX05,BX,FoodScrap
Brooklyn,Nostrand Ave & Crown St,40.666485,-73.950935,POINT (-73.950935 40.666485),BKN09,BKN,FoodScrap
Staten Island,"97 Myrtle Avenue, Staten Island, NY",40.63034,-74.11616,POINT (-74.11616 40.63034),SI01,SI,FoodScrap
Manhattan,,40.74339417,-73.98831241,POINT (-73.98831241 40.74339417),MN05,MN,FoodScrap
Manhattan,Park Pier 96 Boathouse at W 55 St,40.771,-73.995372,POINT (-73.995372 40.771),MN04,MN,FoodScrap
Brooklyn,,40.67487312,-73.96038702,POINT (-73.96038702 40.67487312),BKN08,BKN,FoodScrap
Brooklyn,,40.6874973,-73.92091434,POINT (-73.92091434 40.6874973),BKN03,BKN,FoodScrap
Manhattan,,40.75280254,-73.9969215,POINT (-73.9969215 40.75280254),MN04,MN,FoodScrap
Brooklyn,,40.69725935,-73.91542856,POINT (-73.91542856 40.69725935),BKN04,BKN,FoodScrap
Manhattan,,40.76858111,-73.96168752,POINT (-73.96168752 40.76858111),MN08,MN,FoodScrap
Staten Island,1 Clyde Place,40.63990101,-74.09028654,POINT (-74.09028654 40.63990101),SI01,SI,FoodScrap
Manhattan,,40.71640611,-74.01097454,POINT (-74.01097454 40.71640611),MN01,MN,FoodScrap
Manhattan,,40.76586365,-73.94630834,POINT (-73.94630834 40.76586365),MN08,MN,FoodScrap
Bronx,,40.82775765,-73.81831449,POINT (-73.81831449 40.82775765),BX10,BX,FoodScrap
Brooklyn,"1194 Prospect Ave, Brooklyn, NY 11218",40.654139,-73.976444,POINT (-73.976444 40.654139),BKS07,BKS,FoodScrap
Manhattan,,40.74652449,-74.0051919,POINT (-74.0051919 40.74652449),MN04,MN,FoodScrap
Manhattan,"East side of Rutgers St b/w East Broadway & Canal St, on the west side of Straus Sq",40.714243,-73.990163,POINT (-73.990163 40.714243),MN03,MN,FoodScrap
Manhattan,"1574 Lexington Ave, New York, NY 10029",40.78895766,-73.94920119,POINT (-73.94920119 40.78895766),MN11,MN,FoodScrap
Manhattan,,40.7249628,-73.99017938,POINT (-73.99017938 40.7249628),MN03,MN,FoodScrap
Brooklyn,,40.67785104,-73.96890208,POINT (-73.96890208 40.67785104),BKN08,BKN,FoodScrap
Manhattan,,40.73149652,-73.99051628,POINT (-73.99051628 40.73149652),MN02,MN,FoodScrap
Brooklyn,,40.67509191,-73.95637851,POINT (-73.95637851 40.67509191),BKN08,BKN,FoodScrap
Brooklyn,,40.67495664,-73.92772514,POINT (-73.92772514 40.67495664),BKN08,BKN,FoodScrap
Queens,"Pearson Pl & Skillman Ave, Queens, NY 11101",40.7432328,-73.9431336,POINT (-73.9431336 40.7432328),QW02,QW,FoodScrap
Manhattan,,40.78907737,-73.97608351,POINT (-73.97608351 40.78907737),MN07,MN,FoodScrap
Manhattan,,40.77142731,-73.95631212,POINT (-73.95631212 40.77142731),MN08,MN,FoodScrap
Manhattan,,40.80237734,-73.94273579,POINT (-73.94273579 40.80237734),MN11,MN,FoodScrap
Queens,"72-02 Woodside Ave, Woodside, NY 11377",40.7427093,-73.892547,POINT (-73.892547 40.7427093),QW02,QW,FoodScrap
Brooklyn,"341 Ashford St, Brooklyn, NY 11207",40.674065,-73.885109,POINT (-73.885109 40.674065),BKN05,BKN,FoodScrap
Brooklyn,,40.67155276,-73.93360522,POINT (-73.93360522 40.67155276),BKN08,BKN,FoodScrap
Manhattan,,40.82625676,-73.93855724,POINT (-73.93855724 40.82625676),MN10,MN,FoodScrap
Manhattan,,40.78596764,-73.9786452,POINT (-73.9786452 40.78596764),MN07,MN,FoodScrap
Bronx,McKinley Square at 169th St & Boston Rd,40.831187,-73.900567,POINT (-73.900567 40.831187),BX03,BX,FoodScrap
Brooklyn,"1097 Dean St, Brooklyn, NY 11216",40.67744,-73.953657,POINT (-73.953657 40.67744),BKN08,BKN,FoodScrap
Manhattan,,40.77228183,-73.95896669,POINT (-73.95896669 40.77228183),MN08,MN,FoodScrap
Staten Island,,40.62262016,-74.14456081,POINT (-74.14456081 40.62262016),SI01,SI,FoodScrap
Queens,,40.76833214,-73.92911855,POINT (-73.92911855 40.76833214),QW01,QW,FoodScrap
Manhattan,,40.72376127,-73.98540061,POINT (-73.98540061 40.72376127),MN03,MN,FoodScrap
Manhattan,,40.74644185,-73.99747697,POINT (-73.99747697 40.74644185),MN04,MN,FoodScrap
Manhattan,"West 4th Street b/w Christopher St and Grove St., west side of Christopher Park",40.733536,-74.002663,POINT (-74.002663 40.733536),MN02,MN,FoodScrap
Bronx,,40.85865876,-73.88819441,POINT (-73.88819441 40.85865876),BX06,BX,FoodScrap
Manhattan,,40.73674344,-73.98908567,POINT (-73.98908567 40.73674344),MN05,MN,FoodScrap
Manhattan,,40.7589304,-73.99201306,POINT (-73.99201306 40.7589304),MN04,MN,FoodScrap
Queens,"179-18 145th Dr, Jamaica, NY 11434",40.66392,-73.76626,POINT (-73.76626 40.66392),QE13,QE,FoodScrap
Manhattan,,40.71026346,-73.99644857,POINT (-73.99644857 40.71026346),MN03,MN,FoodScrap
Bronx,1130 Grand Concourse,40.83268,-73.918805,POINT (-73.918805 40.83268),BX04,BX,FoodScrap
Bronx,,40.82739892,-73.91744524,POINT (-73.91744524 40.82739892),BX04,BX,FoodScrap
Manhattan,Battery Park City North End Dog Run,40.716483,-74.014855,POINT (-74.014855 40.716483),MN01,MN,FoodScrap
Brooklyn,,40.68581223,-73.94146979,POINT (-73.94146979 40.68581223),BKN03,BKN,FoodScrap
Manhattan,,40.78468357,-73.94989274,POINT (-73.94989274 40.78468357),MN08,MN,FoodScrap
Manhattan,,40.84610841,-73.93435451,POINT (-73.93435451 40.84610841),MN12,MN,FoodScrap
Brooklyn,3rd Ave & 95th Street,40.6174,-74.033703,POINT (-74.033703 40.6174),BKS10,BKS,FoodScrap
Manhattan,118 W 134th St,40.81380167,-73.94286914,POINT (-73.94286914 40.81380167),MN10,MN,FoodScrap
Brooklyn,,40.67550079,-73.96958336,POINT (-73.96958336 40.67550079),BKN08,BKN,FoodScrap
Brooklyn,,40.6907969,-73.91234536,POINT (-73.91234536 40.6907969),BKN04,BKN,FoodScrap
Bronx,,40.84382558,-73.78518753,POINT (-73.78518753 40.84382558),BX10,BX,FoodScrap
Bronx,"100 W Mosholu Pkwy S, The Bronx, NY 10468",40.88207,-73.88825,POINT (-73.88825 40.88207),BX07,BX,FoodScrap
Manhattan,,40.77380204,-73.95175657,POINT (-73.95175657 40.77380204),MN08,MN,FoodScrap
Brooklyn,,40.6712827,-73.94190498,POINT (-73.94190498 40.6712827),BKN08,BKN,FoodScrap
Manhattan,Broadway between 114th St. and 115th St.,40.807138,-73.96437,POINT (-73.96437 40.807138),MN09,MN,FoodScrap
Brooklyn,,40.69199579,-73.90651491,POINT (-73.90651491 40.69199579),BKN04,BKN,FoodScrap
Manhattan,6th Avenue & Spring Street -NE Corner,40.7256282,-74.003866,POINT (-74.003866 40.7256282),MN02,MN,FoodScrap
Queens,,40.76262573,-73.93766776,POINT (-73.93766776 40.76262573),QW01,QW,FoodScrap
Brooklyn,,40.67279918,-73.95310335,POINT (-73.95310335 40.67279918),BKN08,BKN,FoodScrap
Brooklyn,,40.68815347,-73.92714042,POINT (-73.92714042 40.68815347),BKN03,BKN,FoodScrap
Brooklyn,,40.6950796,-73.9073417,POINT (-73.9073417 40.6950796),BKN04,BKN,FoodScrap
Bronx,,40.84471862,-73.90847526,POINT (-73.90847526 40.84471862),BX04,BX,FoodScrap
Bronx,Near 1975 Eastchester Road,40.85322611,-73.8434618,POINT (-73.8434618 40.85322611),BX11,BX,FoodScrap
Brooklyn,"2601 - 2603 Tilden Avenue, Brooklyn 11226",40.6472062,-73.9526235,POINT (-73.9526235 40.6472062),BKN17,BKN,FoodScrap
Manhattan,,40.7909141,-73.96910424,POINT (-73.96910424 40.7909141),MN07,MN,FoodScrap
Manhattan,,40.8050784,-73.95281788,POINT (-73.95281788 40.8050784),MN10,MN,FoodScrap
Brooklyn,Smith St and 1st Pl,40.679954,-73.99517,POINT (-73.99517 40.679954),BKS06,BKS,FoodScrap
Bronx,"924 Kelly St, The Bronx, NY 10459",40.820124,-73.895674,POINT (-73.895674 40.820124),BX02,BX,FoodScrap
Manhattan,,40.77519164,-73.98753544,POINT (-73.98753544 40.77519164),MN07,MN,FoodScrap
Manhattan,,40.78340998,-73.94763142,POINT (-73.94763142 40.78340998),MN08,MN,FoodScrap
Brooklyn,"1 12th St, Brooklyn NY 11215",40.672077,-73.996401,POINT (-73.996401 40.672077),BKS06,BKS,FoodScrap
Brooklyn,,40.6799083,-73.95316858,POINT (-73.95316858 40.6799083),BKN03,BKN,FoodScrap
Manhattan,,40.8553482,-73.93804448,POINT (-73.93804448 40.8553482),MN12,MN,FoodScrap
Bronx,3041 Kingsbridge Avenue,40.879247,-73.90727,POINT (-73.90727 40.879247),BX08,BX,FoodScrap
Bronx,"1070 East Tremont Avenue. between Bronx Street and, Boston Rd, The Bronx, NY 10460",40.839897,-73.879181,POINT (-73.879181 40.839897),BX06,BX,FoodScrap
Manhattan,,40.76282014,-73.99302402,POINT (-73.99302402 40.76282014),MN04,MN,FoodScrap
Manhattan,,40.73589411,-73.98222696,POINT (-73.98222696 40.73589411),MN06,MN,FoodScrap
Manhattan,,40.73149351,-73.99466766,POINT (-73.99466766 40.73149351),MN02,MN,FoodScrap
Brooklyn,,40.69660505,-73.93099308,POINT (-73.93099308 40.69660505),BKN04,BKN,FoodScrap
Manhattan,"Liberty Court, 200 Rector Pl, New York, NY 10280",40.708464,-74.016164,POINT (-74.016164 40.708464),MN01,MN,FoodScrap
Bronx,"2150 University Avenue Bronx, NY 10453",40.8575626,-73.909437,POINT (-73.909437 40.8575626),BX05,BX,FoodScrap
Brooklyn,"9 Moffat St, Brooklyn, NY 11207",40.6843646,-73.9107326,POINT (-73.9107326 40.6843646),BKN04,BKN,FoodScrap
Manhattan,,40.84103325,-73.93805467,POINT (-73.93805467 40.84103325),MN12,MN,FoodScrap
Brooklyn,"173 E 4th St, Brooklyn, NY 11218",40.6483066,-73.9772287,POINT (-73.9772287 40.6483066),BKS07,BKS,FoodScrap
Manhattan,,40.72556518,-73.98065136,POINT (-73.98065136 40.72556518),MN03,MN,FoodScrap
Bronx,,40.82162476,-73.86291526,POINT (-73.86291526 40.82162476),BX09,BX,FoodScrap
Manhattan,,40.74448957,-73.97284148,POINT (-73.97284148 40.74448957),MN06,MN,FoodScrap
Queens,,40.7579291,-73.90980195,POINT (-73.90980195 40.7579291),QW01,QW,FoodScrap
Brooklyn,"120 Jefferson St, Brooklyn, NY 11206",40.69955,-73.93066,POINT (-73.93066 40.69955),BKN04,BKN,FoodScrap
Manhattan,,40.73262922,-73.98184437,POINT (-73.98184437 40.73262922),MN06,MN,FoodScrap
Brooklyn,,40.68657037,-73.95448588,POINT (-73.95448588 40.68657037),BKN03,BKN,FoodScrap
Brooklyn,,40.70206804,-73.92383762,POINT (-73.92383762 40.70206804),BKN04,BKN,FoodScrap
Manhattan,,40.85039541,-73.93447995,POINT (-73.93447995 40.85039541),MN12,MN,FoodScrap
Manhattan,,40.74413037,-73.97623066,POINT (-73.97623066 40.74413037),MN06,MN,FoodScrap
Bronx,,40.87989884,-73.87587871,POINT (-73.87587871 40.87989884),BX07,BX,FoodScrap
